{
  "0.0_0.0": 3.898125563109677,
  "1.0_0.0": 4.970192055234878
}