{
  "0.0_0.0": 1.4204061397958516,
  "1.0_0.0": 1.705634839535584
}